{"epoch": 0, "train_loss": 0.6350654993580762, "train_acc": 0.6913359761238098, "train_f1": 0.5249224037890151, "_runtime": 131, "_timestamp": 1630399662, "_step": 1, "test_loss": 0.2509343736800094, "test_acc": 0.823544979095459, "test_f1": 0.6887162649125114, "_wandb": {"runtime": 132}}