{"epoch_loss": 1.3944930487839633, "epoch_acc": 0.7021164298057556, "epoch_f1": 0.7021164021164021, "_runtime": 1057, "_timestamp": 1630306707, "_step": 3}