{"epoch": 0, "train_loss": 0.8233885240460199, "train_acc": 0.579365074634552, "train_f1": 0.45717868525947003, "_runtime": 495, "_timestamp": 1630494664, "_step": 1, "test_loss": 0.1569842015033361, "test_acc": 0.8735449910163879, "test_f1": 0.7759142842368028, "_wandb": {"runtime": 500}}