{"train_acc": 0.8578125, "train_loss": 0.15182470977306367, "val_acc": 0.8449279028585884, "val_loss": 0.1679468743312053, "_runtime": 1877, "_timestamp": 1630310558, "_step": 4}