{"epoch_loss": 1.0321304224155567, "epoch_acc": 0.7600529193878174, "epoch_f1": 0.7600529100529101, "_runtime": 1221, "_timestamp": 1630301952, "_step": 7}