{"accuracy": 0.93203125, "loss": 0.09727015169337391, "_runtime": 184, "_timestamp": 1630299967, "_step": 38, "train_acc": 0.93203125, "train_loss": 0.09727015169337391, "val_acc": 0.6832785226410322, "val_loss": 0.14397239685058594, "_wandb": {"runtime": 185}}