{"epoch_loss": 1.784992675932627, "epoch_acc": 0.6285714507102966, "epoch_f1": 0.6285714285714286, "_runtime": 206, "_timestamp": 1630300188, "_step": 1, "_wandb": {"runtime": 207}}