{"train_acc": 0.99921875, "train_loss": 0.001773247920027643, "val_acc": 0.746774601568429, "val_loss": 0.024054228328168392, "_runtime": 1103, "_timestamp": 1630302209, "_step": 19, "_wandb": {"runtime": 1104}}